0,1,2,table_number,source
Fleet wide PUE,Quarterly PUE,Trailing twelve-month (TTM) PUE,0,Google Data Centers PUE page
Fleet,1.08,1.09,0,Google Data Centers PUE page
Campuses,Quarterly PUE,Trailing twelve-month (TTM) PUE,0,Google Data Centers PUE page
"Berkeley County, South Carolina",1.08,1.09,0,Google Data Centers PUE page
"Bristow, Virginia",1.07,1.09,0,Google Data Centers PUE page
"Central Ohio (Columbus), Ohio",1.06,1.06,0,Google Data Centers PUE page
"Central Ohio (Lancaster), Ohio",1.04,1.04,0,Google Data Centers PUE page
"Central Ohio (New Albany), Ohio",1.07,1.06,0,Google Data Centers PUE page
"Changua County, Taiwan",1.11,1.13,0,Google Data Centers PUE page
"Council Bluffs, Iowa",1.1,1.11,0,Google Data Centers PUE page
"Council Bluffs, Iowa (2nd facility)",1.07,1.08,0,Google Data Centers PUE page
"Douglas County, Georgia",1.07,1.09,0,Google Data Centers PUE page
"Dublin, Ireland",1.08,1.08,0,Google Data Centers PUE page
"Eemshaven, Netherlands",1.07,1.07,0,Google Data Centers PUE page
"Fredericia, Denmark",1.06,1.06,0,Google Data Centers PUE page
"Hamina, Finland",1.1,1.1,0,Google Data Centers PUE page
"Henderson, Nevada",1.08,1.09,0,Google Data Centers PUE page
"Inzai, Japan",1.08,1.1,0,Google Data Centers PUE page
"Jackson County, Alabama",1.09,1.1,0,Google Data Centers PUE page
"Lenoir, North Carolina",1.08,1.1,0,Google Data Centers PUE page
"London, England",1.26,,0,Google Data Centers PUE page
"Loudoun County, Virginia",1.07,1.08,0,Google Data Centers PUE page
"Loudoun County, Virginia (2nd facility)",1.08,1.08,0,Google Data Centers PUE page
"Mayes County, Oklahoma",1.08,1.11,0,Google Data Centers PUE page
"Mesa, Arizona",1.22,,0,Google Data Centers PUE page
"Midlothian, Texas",1.08,1.1,0,Google Data Centers PUE page
"Montgomery County, Tennessee",1.09,1.09,0,Google Data Centers PUE page
"Omaha, Nebraska",1.05,1.05,0,Google Data Centers PUE page
"Papillion, Nebraska",1.07,1.09,0,Google Data Centers PUE page
"Quilicura, Chile",1.08,1.08,0,Google Data Centers PUE page
"Red Oak, Texas",1.1,,0,Google Data Centers PUE page
Singapore,1.12,1.12,0,Google Data Centers PUE page
Singapore (2nd facility),1.14,1.14,0,Google Data Centers PUE page
"St. Ghislain, Belgium",1.07,1.08,0,Google Data Centers PUE page
"Storey County, Nevada",1.11,1.15,0,Google Data Centers PUE page
"The Dalles, Oregon",1.1,1.1,0,Google Data Centers PUE page
"The Dalles, Oregon (2nd facility)",1.06,1.06,0,Google Data Centers PUE page
"The Dalles, Oregon (3rd facility)",1.07,,0,Google Data Centers PUE page
Fleet wide PUE,Quarterly PUE,Trailing twelve-month (TTM) PUE,1,Google Data Centers PUE page
Fleet,1.08,1.09,1,Google Data Centers PUE page
Campuses,Quarterly PUE,Trailing twelve-month (TTM) PUE,1,Google Data Centers PUE page
"Berkeley County, South Carolina",1.07,1.1,1,Google Data Centers PUE page
"Bristow, Virginia",1.07,,1,Google Data Centers PUE page
"Central Ohio (Columbus), Ohio",1.05,1.05,1,Google Data Centers PUE page
"Central Ohio (Lancaster), Ohio",1.04,1.04,1,Google Data Centers PUE page
"Central Ohio (New Albany), Ohio",1.05,1.06,1,Google Data Centers PUE page
"Changua County, Taiwan",1.1,1.12,1,Google Data Centers PUE page
"Council Bluffs, Iowa",1.1,1.11,1,Google Data Centers PUE page
"Council Bluffs, Iowa (2nd facility)",1.07,1.07,1,Google Data Centers PUE page
"Douglas County, Georgia",1.08,1.09,1,Google Data Centers PUE page
"Dublin, Ireland",1.08,1.08,1,Google Data Centers PUE page
"Eemshaven, Netherlands",1.07,1.08,1,Google Data Centers PUE page
"Fredericia, Denmark",1.07,1.07,1,Google Data Centers PUE page
"Hamina, Finland",1.09,1.1,1,Google Data Centers PUE page
"Henderson, Nevada",1.07,1.09,1,Google Data Centers PUE page
"Inzai, Japan",1.12,,1,Google Data Centers PUE page
"Jackson County, Alabama",1.09,1.1,1,Google Data Centers PUE page
"Lenoir, North Carolina",1.08,1.13,1,Google Data Centers PUE page
"Loudoun County, Virginia",1.07,1.09,1,Google Data Centers PUE page
"Loudoun County, Virginia (2nd facility)",1.07,1.08,1,Google Data Centers PUE page
"Mayes County, Oklahoma",1.09,1.11,1,Google Data Centers PUE page
"Midlothian, Texas",1.08,1.1,1,Google Data Centers PUE page
"Montgomery County, Tennessee",1.08,1.1,1,Google Data Centers PUE page
"Omaha, Nebraska",1.06,,1,Google Data Centers PUE page
"Papillion, Nebraska",1.08,1.09,1,Google Data Centers PUE page
"Quilicura, Chile",1.09,1.09,1,Google Data Centers PUE page
Singapore,1.12,1.13,1,Google Data Centers PUE page
Singapore (2nd facility),1.14,1.15,1,Google Data Centers PUE page
"St. Ghislain, Belgium",1.07,1.08,1,Google Data Centers PUE page
"Storey County, Nevada",1.09,1.14,1,Google Data Centers PUE page
"The Dalles, Oregon",1.1,1.1,1,Google Data Centers PUE page
"The Dalles, Oregon (2nd facility)",1.06,1.07,1,Google Data Centers PUE page
Fleet wide PUE,Quarterly PUE,Trailing twelve-month (TTM) PUE,2,Google Data Centers PUE page
Fleet,1.10,1.09,2,Google Data Centers PUE page
Campuses,Quarterly PUE,Trailing twelve-month (TTM) PUE,2,Google Data Centers PUE page
"Berkeley County, South Carolina",1.11,1.10,2,Google Data Centers PUE page
"Bristow, Virginia",1.08,1.07,2,Google Data Centers PUE page
"Central Ohio (Columbus), Ohio",1.05,1.05,2,Google Data Centers PUE page
"Central Ohio (Lancaster), Ohio",1.04,1.04,2,Google Data Centers PUE page
"Central Ohio (New Albany), Ohio",1.07,1.06,2,Google Data Centers PUE page
"Changua County, Taiwan",1.14,1.13,2,Google Data Centers PUE page
"Council Bluffs, Iowa",1.11,1.11,2,Google Data Centers PUE page
"Council Bluffs, Iowa (2nd facility)",1.08,1.07,2,Google Data Centers PUE page
"Douglas County, Georgia",1.10,1.09,2,Google Data Centers PUE page
"Dublin, Ireland",1.08,1.08,2,Google Data Centers PUE page
"Eemshaven, Netherlands",1.07,1.07,2,Google Data Centers PUE page
"Fredericia, Denmark",1.06,1.07,2,Google Data Centers PUE page
"Hamina, Finland",1.09,1.10,2,Google Data Centers PUE page
"Henderson, Nevada",1.09,1.09,2,Google Data Centers PUE page
"Inzai, Japan",1.14,,2,Google Data Centers PUE page
"Jackson County, Alabama",1.11,1.10,2,Google Data Centers PUE page
"Lenoir, North Carolina",1.10,1.13,2,Google Data Centers PUE page
"Loudoun County, Virginia",1.08,1.08,2,Google Data Centers PUE page
"Loudoun County, Virginia (2nd facility)",1.08,1.08,2,Google Data Centers PUE page
"Mayes County, Oklahoma",1.16,1.12,2,Google Data Centers PUE page
"Midlothian, Texas",1.11,1.10,2,Google Data Centers PUE page
"Montgomery County, Tennessee",1.11,1.10,2,Google Data Centers PUE page
"Omaha, Nebraska",1.04,,2,Google Data Centers PUE page
"Papillion, Nebraska",1.09,1.09,2,Google Data Centers PUE page
"Quilicura, Chile",1.08,1.09,2,Google Data Centers PUE page
Singapore,1.13,1.13,2,Google Data Centers PUE page
Singapore (2nd facility),1.15,1.14,2,Google Data Centers PUE page
"St. Ghislain, Belgium",1.08,1.08,2,Google Data Centers PUE page
"Storey County, Nevada",1.16,1.14,2,Google Data Centers PUE page
"The Dalles, Oregon",1.10,1.10,2,Google Data Centers PUE page
"The Dalles, Oregon (2nd facility)",1.06,1.06,2,Google Data Centers PUE page
Fleet wide PUE,Quarterly PUE,Trailing twelve-month (TTM) PUE,3,Google Data Centers PUE page
Fleet,1.11,1.09,3,Google Data Centers PUE page
Campuses,Quarterly PUE,Trailing twelve-month (TTM) PUE,3,Google Data Centers PUE page
"Berkeley County, South Carolina",1.12,1.10,3,Google Data Centers PUE page
"Bristow, Virginia",1.12,1.09,3,Google Data Centers PUE page
"Central Ohio (Columbus), Ohio",1.07,1.06,3,Google Data Centers PUE page
"Central Ohio (Lancaster), Ohio",1.04,1.04,3,Google Data Centers PUE page
"Central Ohio (New Albany), Ohio",1.07,1.06,3,Google Data Centers PUE page
"Changua County, Taiwan",1.16,1.13,3,Google Data Centers PUE page
"Council Bluffs, Iowa",1.14,1.11,3,Google Data Centers PUE page
"Council Bluffs, Iowa (2nd facility)",1.10,1.08,3,Google Data Centers PUE page
"Douglas County, Georgia",1.12,1.09,3,Google Data Centers PUE page
"Dublin, Ireland",1.08,1.08,3,Google Data Centers PUE page
"Eemshaven, Netherlands",1.08,1.07,3,Google Data Centers PUE page
"Fredericia, Denmark",1.06,1.07,3,Google Data Centers PUE page
"Hamina, Finland",1.10,1.10,3,Google Data Centers PUE page
"Henderson, Nevada",1.12,1.09,3,Google Data Centers PUE page
"Inzai, Japan",1.14,1.14,3,Google Data Centers PUE page
"Jackson County, Alabama",1.13,1.10,3,Google Data Centers PUE page
"Lenoir, North Carolina",1.12,1.10,3,Google Data Centers PUE page
"Loudoun County, Virginia",1.10,1.08,3,Google Data Centers PUE page
"Loudoun County, Virginia (2nd facility)",1.10,1.08,3,Google Data Centers PUE page
"Mayes County, Oklahoma",1.15,1.12,3,Google Data Centers PUE page
"Midlothian, Texas",1.13,1.10,3,Google Data Centers PUE page
"Montgomery County, Tennessee",1.10,1.10,3,Google Data Centers PUE page
"Omaha, Nebraska",1.04,,3,Google Data Centers PUE page
"Papillion, Nebraska",1.11,1.09,3,Google Data Centers PUE page
"Quilicura, Chile",1.08,1.09,3,Google Data Centers PUE page
Singapore,1.12,1.13,3,Google Data Centers PUE page
Singapore (2nd facility),1.15,1.14,3,Google Data Centers PUE page
"St. Ghislain, Belgium",1.08,1.08,3,Google Data Centers PUE page
"Storey County, Nevada",1.22,1.15,3,Google Data Centers PUE page
"The Dalles, Oregon",1.11,1.10,3,Google Data Centers PUE page
"The Dalles, Oregon (2nd facility)",1.08,1.07,3,Google Data Centers PUE page
"The Dalles, Oregon (3rd facility)",1.09,,3,Google Data Centers PUE page
Fleet wide PUE,Quarterly PUE,Trailing twelve-month (TTM) PUE,4,Google Data Centers PUE page
Fleet,1.08,1.09,4,Google Data Centers PUE page
Campuses,Quarterly PUE,Trailing twelve-month (TTM) PUE,4,Google Data Centers PUE page
"Berkeley County, South Carolina",1.08,1.09,4,Google Data Centers PUE page
"Bristow, Virginia",1.07,1.09,4,Google Data Centers PUE page
"Central Ohio (Columbus), Ohio",1.05,1.06,4,Google Data Centers PUE page
"Central Ohio (Lancaster), Ohio",1.04,1.04,4,Google Data Centers PUE page
"Central Ohio (New Albany), Ohio",1.06,1.06,4,Google Data Centers PUE page
"Changua County, Taiwan",1.12,1.13,4,Google Data Centers PUE page
"Council Bluffs, Iowa",1.09,1.11,4,Google Data Centers PUE page
"Council Bluffs, Iowa (2nd facility)",1.07,1.08,4,Google Data Centers PUE page
"Douglas County, Georgia",1.07,1.09,4,Google Data Centers PUE page
"Dublin, Ireland",1.08,1.08,4,Google Data Centers PUE page
"Eemshaven, Netherlands",1.07,1.07,4,Google Data Centers PUE page
"Fredericia, Denmark",1.06,1.07,4,Google Data Centers PUE page
"Hamina, Finland",1.09,1.10,4,Google Data Centers PUE page
"Henderson, Nevada",1.08,1.09,4,Google Data Centers PUE page
"Inzai, Japan",1.07,1.11,4,Google Data Centers PUE page
"Jackson County, Alabama",1.09,1.10,4,Google Data Centers PUE page
"Lenoir, North Carolina",1.08,1.10,4,Google Data Centers PUE page
"Loudoun County, Virginia",1.07,1.08,4,Google Data Centers PUE page
"Loudoun County, Virginia (2nd facility)",1.07,1.08,4,Google Data Centers PUE page
"Mayes County, Oklahoma",1.09,1.12,4,Google Data Centers PUE page
"Midlothian, Texas",1.09,1.10,4,Google Data Centers PUE page
"Montgomery County, Tennessee",1.06,1.09,4,Google Data Centers PUE page
"Omaha, Nebraska",1.05,1.05,4,Google Data Centers PUE page
"Papillion, Nebraska",1.07,1.09,4,Google Data Centers PUE page
"Quilicura, Chile",1.08,1.08,4,Google Data Centers PUE page
Singapore,1.12,1.12,4,Google Data Centers PUE page
Singapore (2nd facility),1.14,1.14,4,Google Data Centers PUE page
"St. Ghislain, Belgium",1.07,1.08,4,Google Data Centers PUE page
"Storey County, Nevada",1.11,1.14,4,Google Data Centers PUE page
"The Dalles, Oregon",1.10,1.10,4,Google Data Centers PUE page
"The Dalles, Oregon (2nd facility)",1.06,1.06,4,Google Data Centers PUE page
"The Dalles, Oregon (3rd facility)",1.07,,4,Google Data Centers PUE page
Fleet wide PUE,Quarterly PUE,Trailing twelve-month (TTM) PUE,5,Google Data Centers PUE page
Fleet,1.08,1.09,5,Google Data Centers PUE page
Campuses,Quarterly PUE,Trailing twelve-month (TTM) PUE,5,Google Data Centers PUE page
"Douglas County, Georgia",1.07,1.09,5,Google Data Centers PUE page
"Lenoir, North Carolina",1.08,1.10,5,Google Data Centers PUE page
"Berkeley County, South Carolina",1.08,1.10,5,Google Data Centers PUE page
"Montgomery County, Tennessee",1.09,1.10,5,Google Data Centers PUE page
"Jackson County, Alabama",1.08,1.10,5,Google Data Centers PUE page
"Loudoun County, Virginia",1.08,1.09,5,Google Data Centers PUE page
"Loudoun County, Virginia (2nd facility)",1.07,1.08,5,Google Data Centers PUE page
"New Albany, Ohio",1.08,1.09,5,Google Data Centers PUE page
"Council Bluffs, Iowa",1.12,1.12,5,Google Data Centers PUE page
"Council Bluffs, Iowa (2nd facility)",1.07,1.08,5,Google Data Centers PUE page
"Papillion, Nebraska",1.09,1.09,5,Google Data Centers PUE page
"Mayes County, Oklahoma",1.08,1.10,5,Google Data Centers PUE page
"Midlothian, Texas",1.09,1.12,5,Google Data Centers PUE page
"The Dalles, Oregon",1.10,1.10,5,Google Data Centers PUE page
"The Dalles, Oregon (2nd facility)",1.06,1.07,5,Google Data Centers PUE page
"Henderson, Nevada",1.07,1.08,5,Google Data Centers PUE page
"Storey County, Nevada",1.12,1.17,5,Google Data Centers PUE page
"Dublin, Ireland",1.08,1.08,5,Google Data Centers PUE page
"St. Ghislain, Belgium",1.08,1.09,5,Google Data Centers PUE page
"Eemshaven, Netherlands",1.07,1.07,5,Google Data Centers PUE page
"Fredericia, Denmark",1.09,1.09,5,Google Data Centers PUE page
"Hamina, Finland",1.09,1.09,5,Google Data Centers PUE page
"Changua County, Taiwan",1.10,1.12,5,Google Data Centers PUE page
Singapore,1.13,1.13,5,Google Data Centers PUE page
Singapore (2nd facility),1.16,1.18,5,Google Data Centers PUE page
"Quilicura, Chile",1.11,1.10,5,Google Data Centers PUE page
Fleet wide PUE,Quarterly PUE,Trailing twelve-month (TTM) PUE,6,Google Data Centers PUE page
Fleet,1.10,1.10,6,Google Data Centers PUE page
Campuses,Quarterly PUE,Trailing twelve-month (TTM) PUE,6,Google Data Centers PUE page
"Douglas County, Georgia",1.10,1.09,6,Google Data Centers PUE page
"Lenoir, North Carolina",1.11,1.10,6,Google Data Centers PUE page
"Berkeley County, South Carolina",1.11,1.10,6,Google Data Centers PUE page
"Montgomery County, Tennessee",1.11,1.10,6,Google Data Centers PUE page
"Jackson County, Alabama",1.11,1.10,6,Google Data Centers PUE page
"Loudoun County, Virginia",1.09,1.09,6,Google Data Centers PUE page
"Loudoun County, Virginia (2nd facility)",1.08,1.08,6,Google Data Centers PUE page
"New Albany, Ohio",1.09,1.09,6,Google Data Centers PUE page
"Council Bluffs, Iowa",1.11,1.12,6,Google Data Centers PUE page
"Council Bluffs, Iowa (2nd facility)",1.07,1.07,6,Google Data Centers PUE page
"Papillion, Nebraska",1.09,1.09,6,Google Data Centers PUE page
"Mayes County, Oklahoma",1.12,1.11,6,Google Data Centers PUE page
"Midlothian, Texas",1.12,1.11,6,Google Data Centers PUE page
"The Dalles, Oregon",1.10,1.10,6,Google Data Centers PUE page
"The Dalles, Oregon (2nd facility)",1.06,1.06,6,Google Data Centers PUE page
"Henderson, Nevada",1.09,1.08,6,Google Data Centers PUE page
"Storey County, Nevada",1.16,1.16,6,Google Data Centers PUE page
"Dublin, Ireland",1.08,1.08,6,Google Data Centers PUE page
"St. Ghislain, Belgium",1.08,1.08,6,Google Data Centers PUE page
"Eemshaven, Netherlands",1.08,1.08,6,Google Data Centers PUE page
"Fredericia, Denmark",1.08,1.09,6,Google Data Centers PUE page
"Hamina, Finland",1.10,1.10,6,Google Data Centers PUE page
"Changua County, Taiwan",1.13,1.12,6,Google Data Centers PUE page
Singapore,1.13,1.13,6,Google Data Centers PUE page
Singapore (2nd facility),1.15,1.17,6,Google Data Centers PUE page
"Quilicura, Chile",1.09,1.10,6,Google Data Centers PUE page
Fleet wide PUE,Quarterly PUE,Trailing twelve-month (TTM) PUE,7,Google Data Centers PUE page
Fleet,1.11,1.1,7,Google Data Centers PUE page
Campuses,Quarterly PUE,Trailing twelve-month (TTM) PUE,7,Google Data Centers PUE page
"Douglas County, Georgia",1.12,1.09,7,Google Data Centers PUE page
"Lenoir, North Carolina",1.24,1.13,7,Google Data Centers PUE page
"Berkeley County, South Carolina",1.13,1.10,7,Google Data Centers PUE page
"Montgomery County, Tennessee",1.13,1.10,7,Google Data Centers PUE page
"Jackson County, Alabama",1.13,1.10,7,Google Data Centers PUE page
"Loudoun County, Virginia",1.11,1.09,7,Google Data Centers PUE page
"Loudoun County, Virginia (2nd facility)",1.09,1.08,7,Google Data Centers PUE page
"Central Ohio (Columbus), Ohio",1.05,,7,Google Data Centers PUE page
"Central Ohio (New Albany), Ohio",1.07,1.08,7,Google Data Centers PUE page
"Central Ohio (Lancaster), Ohio",1.04,,7,Google Data Centers PUE page
"Council Bluffs, Iowa",1.13,1.11,7,Google Data Centers PUE page
"Council Bluffs, Iowa (2nd facility)",1.08,1.07,7,Google Data Centers PUE page
"Papillion, Nebraska",1.1,1.09,7,Google Data Centers PUE page
"Mayes County, Oklahoma",1.14,1.11,7,Google Data Centers PUE page
"Midlothian, Texas",1.13,1.11,7,Google Data Centers PUE page
"The Dalles, Oregon",1.11,1.10,7,Google Data Centers PUE page
"The Dalles, Oregon (2nd facility)",1.08,1.07,7,Google Data Centers PUE page
"Henderson, Nevada",1.11,1.09,7,Google Data Centers PUE page
"Storey County, Nevada",1.22,1.17,7,Google Data Centers PUE page
"Dublin, Ireland",1.07,1.08,7,Google Data Centers PUE page
"St. Ghislain, Belgium",1.08,1.08,7,Google Data Centers PUE page
"Eemshaven, Netherlands",1.08,1.08,7,Google Data Centers PUE page
"Fredericia, Denmark",1.07,1.08,7,Google Data Centers PUE page
"Hamina, Finland",1.1,1.10,7,Google Data Centers PUE page
"Changua County, Taiwan",1.15,1.12,7,Google Data Centers PUE page
Singapore,1.13,1.13,7,Google Data Centers PUE page
Singapore (2nd facility),1.15,1.16,7,Google Data Centers PUE page
"Quilicura, Chile",1.09,1.10,7,Google Data Centers PUE page
Fleet wide PUE,Quarterly PUE,Trailing twelve-month (TTM) PUE,8,Google Data Centers PUE page
Fleet,1.08,1.09,8,Google Data Centers PUE page
Campuses,Quarterly PUE,Trailing twelve-month (TTM) PUE,8,Google Data Centers PUE page
"Berkeley County, South Carolina",1.08,1.1,8,Google Data Centers PUE page
"Central Ohio (Columbus), Ohio",1.05,1.06,8,Google Data Centers PUE page
"Central Ohio (Lancaster), Ohio",1.04,,8,Google Data Centers PUE page
"Central Ohio (New Albany), Ohio",1.05,1.07,8,Google Data Centers PUE page
"Changua County, Taiwan",1.12,1.13,8,Google Data Centers PUE page
"Council Bluffs, Iowa",1.09,1.11,8,Google Data Centers PUE page
"Council Bluffs, Iowa (2nd facility)",1.06,1.07,8,Google Data Centers PUE page
"Douglas County, Georgia",1.08,1.09,8,Google Data Centers PUE page
"Dublin, Ireland",1.08,1.08,8,Google Data Centers PUE page
"Eemshaven, Netherlands",1.07,1.08,8,Google Data Centers PUE page
"Fredericia, Denmark",1.07,1.07,8,Google Data Centers PUE page
"Hamina, Finland",1.09,1.1,8,Google Data Centers PUE page
"Henderson, Nevada",1.08,1.09,8,Google Data Centers PUE page
"Inzai, Japan",1.15,,8,Google Data Centers PUE page
"Jackson County, Alabama",1.09,1.1,8,Google Data Centers PUE page
"Lenoir, North Carolina",1.08,1.13,8,Google Data Centers PUE page
"Loudoun County, Virginia",1.07,1.09,8,Google Data Centers PUE page
"Loudoun County, Virginia (2nd facility)",1.07,1.08,8,Google Data Centers PUE page
"Mayes County, Oklahoma",1.09,1.11,8,Google Data Centers PUE page
"Midlothian, Texas",1.08,1.1,8,Google Data Centers PUE page
"Montgomery County, Tennessee",1.08,1.1,8,Google Data Centers PUE page
"Papillion, Nebraska",1.08,1.09,8,Google Data Centers PUE page
"Quilicura, Chile",1.09,1.09,8,Google Data Centers PUE page
RLF- New Campus,1.06,,8,Google Data Centers PUE page
Singapore,1.13,1.13,8,Google Data Centers PUE page
Singapore (2nd facility),1.14,1.15,8,Google Data Centers PUE page
"St. Ghislain, Belgium",1.07,1.08,8,Google Data Centers PUE page
"Storey County, Nevada",1.11,1.16,8,Google Data Centers PUE page
"The Dalles, Oregon",1.1,1.1,8,Google Data Centers PUE page
"The Dalles, Oregon (2nd facility)",1.06,1.06,8,Google Data Centers PUE page
Fleet wide PUE,Quarterly PUE,Trailing twelve-month (TTM) PUE,9,Google Data Centers PUE page
Fleet,1.08,1.10,9,Google Data Centers PUE page
Campuses,Quarterly PUE,Trailing twelve-month (TTM) PUE,9,Google Data Centers PUE page
"Douglas County, Georgia",1.07,1.09,9,Google Data Centers PUE page
"Lenoir, North Carolina",1.08,1.09,9,Google Data Centers PUE page
"Lowcountry, South Carolina",1.08,1.10,9,Google Data Centers PUE page
"Montgomery County, Tennessee",1.10,1.11,9,Google Data Centers PUE page
"Jackson County, Alabama",1.09,1.11,9,Google Data Centers PUE page
"Loudoun County, Virginia",1.07,1.08,9,Google Data Centers PUE page
"Loudoun County, Virginia (2nd facility)",1.07,1.08,9,Google Data Centers PUE page
"New Albany, Ohio",1.13,1.14,9,Google Data Centers PUE page
"Council Bluffs, Iowa",1.10,1.11,9,Google Data Centers PUE page
"Council Bluffs, Iowa (2nd facility)",1.07,1.08,9,Google Data Centers PUE page
"Papillion, Nebraska",1.12,1.12,9,Google Data Centers PUE page
"Mayes County, Oklahoma",1.08,1.10,9,Google Data Centers PUE page
"Midlothian, Texas",1.11,1.14,9,Google Data Centers PUE page
"The Dalles, Oregon",1.09,1.10,9,Google Data Centers PUE page
"The Dalles, Oregon (2nd facility)",1.07,1.07,9,Google Data Centers PUE page
"Henderson, Nevada",1.07,1.10,9,Google Data Centers PUE page
"Storey County, Nevada",1.18,*,9,Google Data Centers PUE page
"Dublin, Ireland",1.09,1.09,9,Google Data Centers PUE page
"St. Ghislain, Belgium",1.09,1.09,9,Google Data Centers PUE page
"Eemshaven, Netherlands",1.07,1.07,9,Google Data Centers PUE page
"Fredericia, Denmark",1.12,1.11,9,Google Data Centers PUE page
"Hamina, Finland",1.09,1.09,9,Google Data Centers PUE page
"Changhua County, Taiwan",1.09,1.12,9,Google Data Centers PUE page
Singapore,1.13,1.13,9,Google Data Centers PUE page
Singapore (2nd facility),1.19,1.20,9,Google Data Centers PUE page
"Quilicura, Chile",1.09,1.09,9,Google Data Centers PUE page
Fleet wide PUE,Quarterly PUE,Trailing twelve-month (TTM) PUE,10,Google Data Centers PUE page
Fleet,1.10,1.10,10,Google Data Centers PUE page
Campuses,Quarterly PUE,Trailing twelve-month (TTM) PUE,10,Google Data Centers PUE page
"Douglas County, Georgia",1.09,1.09,10,Google Data Centers PUE page
"Lenoir, North Carolina",1.09,1.09,10,Google Data Centers PUE page
"Lowcountry, South Carolina",1.11,1.10,10,Google Data Centers PUE page
"Montgomery County, Tennessee",1.10,1.10,10,Google Data Centers PUE page
"Jackson County, Alabama",1.11,1.11,10,Google Data Centers PUE page
"Loudoun County, Virginia",1.08,1.08,10,Google Data Centers PUE page
"Loudoun County, Virginia (2nd facility)",1.08,1.08,10,Google Data Centers PUE page
"New Albany, Ohio",1.10,1.13,10,Google Data Centers PUE page
"Council Bluffs, Iowa",1.11,1.11,10,Google Data Centers PUE page
"Council Bluffs, Iowa (2nd facility)",1.08,1.08,10,Google Data Centers PUE page
"Papillion, Nebraska",1.09,1.11,10,Google Data Centers PUE page
"Mayes County, Oklahoma",1.10,1.10,10,Google Data Centers PUE page
"Midlothian, Texas",1.14,1.14,10,Google Data Centers PUE page
"The Dalles, Oregon",1.10,1.10,10,Google Data Centers PUE page
"The Dalles, Oregon (2nd facility)",1.07,1.06,10,Google Data Centers PUE page
"Henderson, Nevada",1.08,1.09,10,Google Data Centers PUE page
"Storey County, Nevada",1.20,1.22,10,Google Data Centers PUE page
"Dublin, Ireland",1.08,1.09,10,Google Data Centers PUE page
"St. Ghislain, Belgium",1.08,1.09,10,Google Data Centers PUE page
"Eemshaven, Netherlands",1.07,1.07,10,Google Data Centers PUE page
"Fredericia, Denmark",1.10,1.11,10,Google Data Centers PUE page
"Hamina, Finland",1.09,1.09,10,Google Data Centers PUE page
"Changhua County, Taiwan",1.13,1.12,10,Google Data Centers PUE page
Singapore,1.13,1.13,10,Google Data Centers PUE page
Singapore (2nd facility),1.19,1.20,10,Google Data Centers PUE page
"Quilicura, Chile",1.09,1.09,10,Google Data Centers PUE page
Fleet wide PUE,Quarterly PUE,Trailing twelve-month (TTM) PUE,11,Google Data Centers PUE page
Fleet,1.12,1.10,11,Google Data Centers PUE page
Campuses,Quarterly PUE,Trailing twelve-month (TTM) PUE,11,Google Data Centers PUE page
"Douglas County, Georgia",1.13,1.09,11,Google Data Centers PUE page
"Lenoir, North Carolina",1.12,1.09,11,Google Data Centers PUE page
"Lowcountry, South Carolina",1.14,1.11,11,Google Data Centers PUE page
"Montgomery County, Tennessee",1.13,1.10,11,Google Data Centers PUE page
"Jackson County, Alabama",1.13,1.11,11,Google Data Centers PUE page
"Loudoun County, Virginia",1.10,1.08,11,Google Data Centers PUE page
"Loudoun County, Virginia (2nd facility)",1.11,1.08,11,Google Data Centers PUE page
"New Albany, Ohio",1.11,1.11,11,Google Data Centers PUE page
"Council Bluffs, Iowa",1.14,1.11,11,Google Data Centers PUE page
"Council Bluffs, Iowa (2nd facility)",1.09,1.08,11,Google Data Centers PUE page
"Papillion, Nebraska",1.10,1.10,11,Google Data Centers PUE page
"Mayes County, Oklahoma",1.14,1.10,11,Google Data Centers PUE page
"Midlothian, Texas",1.16,1.13,11,Google Data Centers PUE page
"The Dalles, Oregon",1.10,1.10,11,Google Data Centers PUE page
"The Dalles, Oregon (2nd facility)",1.08,1.06,11,Google Data Centers PUE page
"Henderson, Nevada",1.10,1.09,11,Google Data Centers PUE page
"Storey County, Nevada",1.24,1.21,11,Google Data Centers PUE page
"Dublin, Ireland",1.08,1.09,11,Google Data Centers PUE page
"St. Ghislain, Belgium",1.09,1.09,11,Google Data Centers PUE page
"Eemshaven, Netherlands",1.09,1.07,11,Google Data Centers PUE page
"Fredericia, Denmark",1.08,1.11,11,Google Data Centers PUE page
"Hamina, Finland",1.10,1.09,11,Google Data Centers PUE page
"Changua County, Taiwan",1.15,1.12,11,Google Data Centers PUE page
Singapore,1.13,1.13,11,Google Data Centers PUE page
Singapore (2nd facility),1.19,1.19,11,Google Data Centers PUE page
"Quilicura, Chile",1.09,1.09,11,Google Data Centers PUE page
Fleet wide PUE,Quarterly PUE,Trailing twelve-month (TTM) PUE,12,Google Data Centers PUE page
Fleet,1.08,1.10,12,Google Data Centers PUE page
Campuses,Quarterly PUE,Trailing twelve-month (TTM) PUE,12,Google Data Centers PUE page
"Douglas County, Georgia",1.08,1.09,12,Google Data Centers PUE page
"Lenoir, North Carolina",1.08,1.09,12,Google Data Centers PUE page
"Lowcountry, South Carolina",1.08,1.10,12,Google Data Centers PUE page
"Montgomery County, Tennessee",1.09,1.10,12,Google Data Centers PUE page
"Jackson County, Alabama",1.09,1.10,12,Google Data Centers PUE page
"Loudoun County, Virginia",1.09,1.08,12,Google Data Centers PUE page
"Loudoun County, Virginia (2nd facility)",1.07,1.08,12,Google Data Centers PUE page
"New Albany, Ohio",1.08,1.10,12,Google Data Centers PUE page
"Council Bluffs, Iowa",1.10,1.11,12,Google Data Centers PUE page
"Council Bluffs, Iowa (2nd facility)",1.07,1.08,12,Google Data Centers PUE page
"Papillion, Nebraska",1.08,1.09,12,Google Data Centers PUE page
"Mayes County, Oklahoma",1.08,1.10,12,Google Data Centers PUE page
"Midlothian, Texas",1.10,1.13,12,Google Data Centers PUE page
"The Dalles, Oregon",1.10,1.10,12,Google Data Centers PUE page
"The Dalles, Oregon (2nd facility)",1.06,1.07,12,Google Data Centers PUE page
"Henderson, Nevada",1.07,1.08,12,Google Data Centers PUE page
"Storey County, Nevada",1.14,1.19,12,Google Data Centers PUE page
"Dublin, Ireland",1.08,1.08,12,Google Data Centers PUE page
"St. Ghislain, Belgium",1.08,1.09,12,Google Data Centers PUE page
"Eemshaven, Netherlands",1.07,1.08,12,Google Data Centers PUE page
"Fredericia, Denmark",1.10,1.10,12,Google Data Centers PUE page
"Hamina, Finland",1.09,1.09,12,Google Data Centers PUE page
"Changua County, Taiwan",1.11,1.12,12,Google Data Centers PUE page
Singapore,1.13,1.13,12,Google Data Centers PUE page
Singapore (2nd facility),1.17,1.19,12,Google Data Centers PUE page
"Quilicura, Chile",1.09,1.09,12,Google Data Centers PUE page
Fleet wide PUE,Quarterly PUE,Trailing twelve-month (TTM) PUE,13,Google Data Centers PUE page
Fleet,1.09,1.10,13,Google Data Centers PUE page
Campuses,Quarterly PUE,Trailing twelve-month (TTM) PUE,13,Google Data Centers PUE page
"Douglas County, Georgia",1.08,1.09,13,Google Data Centers PUE page
"Lenoir, North Carolina",1.08,1.09,13,Google Data Centers PUE page
"Lowcountry, South Carolina",1.08,1.10,13,Google Data Centers PUE page
"Montgomery County, Tennessee",1.11,1.11,13,Google Data Centers PUE page
"Jackson County, Alabama",1.10,1.12,13,Google Data Centers PUE page
"Loudoun County, Virginia",1.07,1.09,13,Google Data Centers PUE page
"Loudoun County, Virginia (2nd facility)",1.08,1.11,13,Google Data Centers PUE page
"New Albany, Ohio",1.14,*,13,Google Data Centers PUE page
"Council Bluffs, Iowa",1.11,1.11,13,Google Data Centers PUE page
"Council Bluffs, Iowa (2nd facility)",1.07,1.09,13,Google Data Centers PUE page
"Papillion, Nebraska",1.18,*,13,Google Data Centers PUE page
"Mayes County, Oklahoma",1.08,1.10,13,Google Data Centers PUE page
"Midlothian, Texas",1.16,*,13,Google Data Centers PUE page
"The Dalles, Oregon",1.10,1.11,13,Google Data Centers PUE page
"The Dalles, Oregon (2nd facility)",1.08,1.06,13,Google Data Centers PUE page
"Henderson, Nevada",1.09,*,13,Google Data Centers PUE page
"Dublin, Ireland",1.09,1.09,13,Google Data Centers PUE page
"St. Ghislain, Belgium",1.08,1.08,13,Google Data Centers PUE page
"Eemshaven, Netherlands",1.06,1.08,13,Google Data Centers PUE page
"Fredericia, Denmark",1.13,*,13,Google Data Centers PUE page
"Hamina, Finland",1.09,1.09,13,Google Data Centers PUE page
"Changua County, Taiwan",1.10,1.12,13,Google Data Centers PUE page
Singapore,1.13,1.13,13,Google Data Centers PUE page
Singapore (2nd facility),1.23,*,13,Google Data Centers PUE page
"Quilicura, Chile",1.10,1.09,13,Google Data Centers PUE page
Fleet wide PUE,Quarterly PUE,Trailing twelve-month (TTM) PUE,14,Google Data Centers PUE page
Fleet,1.10,1.10,14,Google Data Centers PUE page
Campuses,Quarterly PUE,Trailing twelve-month (TTM) PUE,14,Google Data Centers PUE page
"Douglas County, Georgia",1.10,1.09,14,Google Data Centers PUE page
"Lenoir, North Carolina",1.09,1.09,14,Google Data Centers PUE page
"Lowcountry, South Carolina",1.10,1.10,14,Google Data Centers PUE page
"Montgomery County, Tennessee",1.12,1.11,14,Google Data Centers PUE page
"Jackson County, Alabama",1.12,1.12,14,Google Data Centers PUE page
"Loudoun County, Virginia",1.09,1.09,14,Google Data Centers PUE page
"Loudoun County, Virginia (2nd facility)",1.09,1.10,14,Google Data Centers PUE page
"New Albany, Ohio",1.13,*,14,Google Data Centers PUE page
"Council Bluffs, Iowa",1.12,1.12,14,Google Data Centers PUE page
"Council Bluffs, Iowa (2nd facility)",1.08,1.09,14,Google Data Centers PUE page
"Papillion, Nebraska",1.12,*,14,Google Data Centers PUE page
"Mayes County, Oklahoma",1.11,1.10,14,Google Data Centers PUE page
"Midlothian, Texas",1.18,*,14,Google Data Centers PUE page
"The Dalles, Oregon",1.09,1.11,14,Google Data Centers PUE page
"The Dalles, Oregon (2nd facility)",1.07,1.07,14,Google Data Centers PUE page
"Henderson, Nevada",1.10,*,14,Google Data Centers PUE page
"Dublin, Ireland",1.09,1.09,14,Google Data Centers PUE page
"St. Ghislain, Belgium",1.09,1.09,14,Google Data Centers PUE page
"Eemshaven, Netherlands",1.07,1.08,14,Google Data Centers PUE page
"Fredericia, Denmark",1.11,*,14,Google Data Centers PUE page
"Hamina, Finland",1.09,1.09,14,Google Data Centers PUE page
"Changua County, Taiwan",1.13,1.12,14,Google Data Centers PUE page
Singapore,1.14,1.13,14,Google Data Centers PUE page
Singapore (2nd facility),1.23,*,14,Google Data Centers PUE page
"Quilicura, Chile",1.09,1.10,14,Google Data Centers PUE page
Fleet wide PUE,Quarterly PUE,Trailing twelve-month (TTM) PUE,15,Google Data Centers PUE page
Fleet,1.12,1.10,15,Google Data Centers PUE page
Campuses,Quarterly PUE,Trailing twelve-month (TTM) PUE,15,Google Data Centers PUE page
"Douglas County, Georgia",1.12,1.09,15,Google Data Centers PUE page
"Lenoir, North Carolina",1.11,1.09,15,Google Data Centers PUE page
"Lowcountry, South Carolina",1.13,1.10,15,Google Data Centers PUE page
"Montgomery County, Tennessee",1.14,1.12,15,Google Data Centers PUE page
"Jackson County, Alabama",1.14,1.12,15,Google Data Centers PUE page
"Loudoun County, Virginia",1.11,1.09,15,Google Data Centers PUE page
"Loudoun County, Virginia (2nd facility)",1.11,1.10,15,Google Data Centers PUE page
"New Albany, Ohio",1.18,*,15,Google Data Centers PUE page
"Council Bluffs, Iowa",1.14,1.12,15,Google Data Centers PUE page
"Council Bluffs, Iowa (2nd facility)",1.10,1.08,15,Google Data Centers PUE page
"Papillion, Nebraska",1.13,1.14,15,Google Data Centers PUE page
"Mayes County, Oklahoma",1.13,1.10,15,Google Data Centers PUE page
"Midlothian, Texas",1.19,1.18,15,Google Data Centers PUE page
"The Dalles, Oregon",1.10,1.10,15,Google Data Centers PUE page
"The Dalles, Oregon (2nd facility)",1.08,1.07,15,Google Data Centers PUE page
"Henderson, Nevada",1.15,1.12,15,Google Data Centers PUE page
"Storey County, Nevada",1.29,*,15,Google Data Centers PUE page
"Dublin, Ireland",1.09,1.09,15,Google Data Centers PUE page
"St. Ghislain, Belgium",1.09,1.09,15,Google Data Centers PUE page
"Eemshaven, Netherlands",1.08,1.07,15,Google Data Centers PUE page
"Fredericia, Denmark",1.11,*,15,Google Data Centers PUE page
"Hamina, Finland",1.09,1.09,15,Google Data Centers PUE page
"Changua County, Taiwan",1.14,1.12,15,Google Data Centers PUE page
Singapore,1.13,1.13,15,Google Data Centers PUE page
Singapore (2nd facility),1.21,*,15,Google Data Centers PUE page
"Quilicura, Chile",1.09,1.09,15,Google Data Centers PUE page
Fleet wide PUE,Quarterly PUE,Trailing twelve-month (TTM) PUE,16,Google Data Centers PUE page
Fleet,1.08,1.10,16,Google Data Centers PUE page
Campuses,Quarterly PUE,Trailing twelve-month (TTM) PUE,16,Google Data Centers PUE page
"Douglas County, Georgia",1.07,1.09,16,Google Data Centers PUE page
"Lenoir, North Carolina",1.08,1.09,16,Google Data Centers PUE page
"Lowcountry, South Carolina",1.08,1.10,16,Google Data Centers PUE page
"Montgomery County, Tennessee",1.08,1.11,16,Google Data Centers PUE page
"Jackson County, Alabama",1.10,1.12,16,Google Data Centers PUE page
"Loudoun County, Virginia",1.07,1.09,16,Google Data Centers PUE page
"Loudoun County, Virginia (2nd facility)",1.07,1.09,16,Google Data Centers PUE page
"New Albany, Ohio",1.13,1.14,16,Google Data Centers PUE page
"Council Bluffs, Iowa",1.10,1.12,16,Google Data Centers PUE page
"Council Bluffs, Iowa (2nd facility)",1.07,1.08,16,Google Data Centers PUE page
"Papillion, Nebraska",1.10,1.13,16,Google Data Centers PUE page
"Mayes County, Oklahoma",1.07,1.10,16,Google Data Centers PUE page
"Midlothian, Texas",1.12,1.16,16,Google Data Centers PUE page
"The Dalles, Oregon",1.09,1.10,16,Google Data Centers PUE page
"The Dalles, Oregon (2nd facility)",1.05,1.07,16,Google Data Centers PUE page
"Henderson, Nevada",1.09,1.11,16,Google Data Centers PUE page
"Storey County, Nevada",1.20,*,16,Google Data Centers PUE page
"Dublin, Ireland",1.09,1.09,16,Google Data Centers PUE page
"St. Ghislain, Belgium",1.09,1.09,16,Google Data Centers PUE page
"Eemshaven, Netherlands",1.07,1.07,16,Google Data Centers PUE page
"Fredericia, Denmark",1.12,1.12,16,Google Data Centers PUE page
"Hamina, Finland",1.09,1.09,16,Google Data Centers PUE page
"Changua County, Taiwan",1.11,1.12,16,Google Data Centers PUE page
Singapore,1.13,1.13,16,Google Data Centers PUE page
Singapore (2nd facility),1.19,1.21,16,Google Data Centers PUE page
"Quilicura, Chile",1.09,1.09,16,Google Data Centers PUE page
Fleet wide PUE,Quarterly PUE,Trailing twelve-month (TTM) PUE,17,Google Data Centers PUE page
Fleet,1.09,1.10,17,Google Data Centers PUE page
Campuses,Quarterly PUE,Trailing twelve-month (TTM) PUE,17,Google Data Centers PUE page
"Douglas County, Georgia",1.08,1.10,17,Google Data Centers PUE page
"Lenoir, North Carolina",1.08,1.09,17,Google Data Centers PUE page
"Lowcountry, South Carolina",1.08,1.11,17,Google Data Centers PUE page
"Montgomery County, Tennessee",1.09,1.14,17,Google Data Centers PUE page
"Jackson County, Alabama",1.11,1.16,17,Google Data Centers PUE page
"Loudoun County, Virginia",1.10,*,17,Google Data Centers PUE page
"Loudoun County, Virginia (2nd facility)",1.14,*,17,Google Data Centers PUE page
"Council Bluffs, Iowa",1.11,1.11,17,Google Data Centers PUE page
"Council Bluffs, Iowa (2nd facility)",1.08,1.09,17,Google Data Centers PUE page
"Mayes County, Oklahoma",1.08,1.11,17,Google Data Centers PUE page
"The Dalles, Oregon",1.10,1.10,17,Google Data Centers PUE page
"The Dalles, Oregon (2nd facility)",1.06,1.07,17,Google Data Centers PUE page
"Dublin, Ireland",1.09,1.09,17,Google Data Centers PUE page
"St. Ghislain, Belgium",1.09,1.09,17,Google Data Centers PUE page
"Eemshaven, Netherlands",1.08,1.09,17,Google Data Centers PUE page
"Hamina, Finland",1.09,1.09,17,Google Data Centers PUE page
"Changhua County, Taiwan",1.10,1.12,17,Google Data Centers PUE page
Singapore,1.12,1.13,17,Google Data Centers PUE page
"Quilicura, Chile",1.09,1.08,17,Google Data Centers PUE page
Fleet wide PUE,Quarterly PUE,Trailing twelve-month (TTM) PUE,18,Google Data Centers PUE page
Fleet,1.10,1.10,18,Google Data Centers PUE page
Campuses,Quarterly PUE,Trailing twelve-month (TTM) PUE,18,Google Data Centers PUE page
"Douglas County, Georgia",1.09,1.10,18,Google Data Centers PUE page
"Lenoir, North Carolina",1.10,1.09,18,Google Data Centers PUE page
"Lowcountry, South Carolina",1.11,1.11,18,Google Data Centers PUE page
"Montgomery County, Tennessee",1.10,1.12,18,Google Data Centers PUE page
"Jackson County, Alabama",1.13,1.14,18,Google Data Centers PUE page
"Loudoun County, Virginia",1.10,*,18,Google Data Centers PUE page
"Loudoun County, Virginia (2nd facility)",1.15,*,18,Google Data Centers PUE page
"Council Bluffs, Iowa",1.11,1.11,18,Google Data Centers PUE page
"Council Bluffs, Iowa (2nd facility)",1.09,1.09,18,Google Data Centers PUE page
"Mayes County, Oklahoma",1.11,1.11,18,Google Data Centers PUE page
"The Dalles, Oregon",1.11,1.10,18,Google Data Centers PUE page
"The Dalles, Oregon (2nd facility)",1.06,1.06,18,Google Data Centers PUE page
"Dublin, Ireland",1.10,1.09,18,Google Data Centers PUE page
"St. Ghislain, Belgium",1.08,1.09,18,Google Data Centers PUE page
"Eemshaven, Netherlands",1.08,1.09,18,Google Data Centers PUE page
"Hamina, Finland",1.09,1.09,18,Google Data Centers PUE page
"Changua County, Taiwan",1.13,1.12,18,Google Data Centers PUE page
Singapore,1.13,1.13,18,Google Data Centers PUE page
"Quilicura, Chile",1.08,1.08,18,Google Data Centers PUE page
Fleet wide PUE,Quarterly PUE,Trailing twelve-month (TTM) PUE,19,Google Data Centers PUE page
Fleet,1.12,1.10,19,Google Data Centers PUE page
Campuses,Quarterly PUE,Trailing twelve-month (TTM) PUE,19,Google Data Centers PUE page
"Douglas County, Georgia",1.12,1.10,19,Google Data Centers PUE page
"Lenoir, North Carolina",1.11,1.09,19,Google Data Centers PUE page
"Lowcountry, South Carolina",1.13,1.11,19,Google Data Centers PUE page
"Montgomery County, Tennessee",1.14,1.11,19,Google Data Centers PUE page
"Jackson County, Alabama",1.15,1.13,19,Google Data Centers PUE page
"Loudoun County, Virginia",1.11,*,19,Google Data Centers PUE page
"Loudoun County, Virginia (2nd facility)",1.16,*,19,Google Data Centers PUE page
"Council Bluffs, Iowa",1.13,1.11,19,Google Data Centers PUE page
"Council Bluffs, Iowa (2nd facility)",1.11,1.09,19,Google Data Centers PUE page
"Mayes County, Oklahoma",1.14,1.11,19,Google Data Centers PUE page
"The Dalles, Oregon",1.12,1.11,19,Google Data Centers PUE page
"The Dalles, Oregon (2nd facility)",1.07,1.06,19,Google Data Centers PUE page
"Dublin, Ireland",1.09,1.09,19,Google Data Centers PUE page
"St. Ghislain, Belgium",1.09,1.08,19,Google Data Centers PUE page
"Eemshaven, Netherlands",1.09,1.09,19,Google Data Centers PUE page
"Hamina, Finland",1.09,1.09,19,Google Data Centers PUE page
"Changua County, Taiwan",1.14,1.12,19,Google Data Centers PUE page
Singapore,1.13,1.13,19,Google Data Centers PUE page
"Quilicura, Chile",1.10,1.09,19,Google Data Centers PUE page
Fleet wide PUE,Quarterly PUE,Trailing twelve-month (TTM) PUE,20,Google Data Centers PUE page
Fleet,1.09,1.10,20,Google Data Centers PUE page
Campuses,Quarterly PUE,Trailing twelve-month (TTM) PUE,20,Google Data Centers PUE page
"Douglas County, Georgia",1.08,1.09,20,Google Data Centers PUE page
"Lenoir, North Carolina",1.08,1.09,20,Google Data Centers PUE page
"Lowcountry, South Carolina",1.09,1.10,20,Google Data Centers PUE page
"Montgomery County, Tennessee",1.09,1.10,20,Google Data Centers PUE page
"Jackson County, Alabama",1.11,1.13,20,Google Data Centers PUE page
"Loudoun County, Virginia",1.09,1.10,20,Google Data Centers PUE page
"Loudoun County, Virginia (2nd facility)",1.09,1.13,20,Google Data Centers PUE page
"Council Bluffs, Iowa",1.10,1.12,20,Google Data Centers PUE page
"Council Bluffs, Iowa (2nd facility)",1.07,1.09,20,Google Data Centers PUE page
"Papillion, Nebraska",1.15,*,20,Google Data Centers PUE page
"Mayes County, Oklahoma",1.08,1.10,20,Google Data Centers PUE page
"Midlothian, Texas",1.17,*,20,Google Data Centers PUE page
"The Dalles, Oregon",1.11,1.11,20,Google Data Centers PUE page
"The Dalles, Oregon (2nd facility)",1.05,1.06,20,Google Data Centers PUE page
"Henderson, Nevada",1.10,*,20,Google Data Centers PUE page
"Dublin, Ireland",1.09,1.09,20,Google Data Centers PUE page
"St. Ghislain, Belgium",1.08,1.08,20,Google Data Centers PUE page
"Eemshaven, Netherlands",1.08,1.08,20,Google Data Centers PUE page
"Hamina, Finland",1.09,1.09,20,Google Data Centers PUE page
"Changua County, Taiwan",1.12,1.12,20,Google Data Centers PUE page
Singapore,1.13,1.13,20,Google Data Centers PUE page
"Quilicura, Chile",1.10,1.09,20,Google Data Centers PUE page
Fleet wide PUE,Quarterly PUE,Trailing twelve-month (TTM) PUE,21,Google Data Centers PUE page
Fleet,1.09,1.10,21,Google Data Centers PUE page
Campuses,Quarterly PUE,Trailing twelve-month (TTM) PUE,21,Google Data Centers PUE page
"Douglas County, Georgia",1.09,1.11,21,Google Data Centers PUE page
"Lenoir, North Carolina",1.08,1.10,21,Google Data Centers PUE page
"Lowcountry, South Carolina",1.09,1.11,21,Google Data Centers PUE page
"Council Bluffs, Iowa",1.10,1.11,21,Google Data Centers PUE page
"Council Bluffs, Iowa (2nd facility)",1.08,1.09,21,Google Data Centers PUE page
"Mayes County, Oklahoma",1.10,1.11,21,Google Data Centers PUE page
"The Dalles, Oregon",1.11,1.11,21,Google Data Centers PUE page
"The Dalles, Oregon (2nd facility)",1.08,1.07,21,Google Data Centers PUE page
"Dublin, Ireland",1.09,1.11,21,Google Data Centers PUE page
"St. Ghislain, Belgium",1.08,1.08,21,Google Data Centers PUE page
"Eemshaven, Netherlands",1.09,1.09,21,Google Data Centers PUE page
"Hamina, Finland",1.09,1.09,21,Google Data Centers PUE page
"Changhua County, Taiwan",1.11,1.13,21,Google Data Centers PUE page
Singapore,1.14,1.15,21,Google Data Centers PUE page
"Quilicura, Chile",1.09,1.09,21,Google Data Centers PUE page
Fleet wide PUE,Quarterly PUE,Trailing twelve-month (TTM) PUE,22,Google Data Centers PUE page
Fleet,1.11,1.10,22,Google Data Centers PUE page
Campuses,Quarterly PUE,Trailing twelve-month (TTM) PUE,22,Google Data Centers PUE page
"Douglas County, Georgia",1.10,1.11,22,Google Data Centers PUE page
"Lenoir, North Carolina",1.09,1.09,22,Google Data Centers PUE page
"Lowcountry, South Carolina",1.11,1.11,22,Google Data Centers PUE page
"Montgomery County, Tennessee",1.17,*,22,Google Data Centers PUE page
"Jackson County, Alabama",1.19,*,22,Google Data Centers PUE page
"Council Bluffs, Iowa",1.11,1.11,22,Google Data Centers PUE page
"Council Bluffs, Iowa (2nd facility)",1.09,1.10,22,Google Data Centers PUE page
"Mayes County, Oklahoma",1.12,1.12,22,Google Data Centers PUE page
"The Dalles, Oregon",1.11,1.11,22,Google Data Centers PUE page
"The Dalles, Oregon (2nd facility)",1.08,1.08,22,Google Data Centers PUE page
"Dublin, Ireland",1.09,1.10,22,Google Data Centers PUE page
"St. Ghislain, Belgium",1.08,1.08,22,Google Data Centers PUE page
"Eemshaven, Netherlands",1.09,1.09,22,Google Data Centers PUE page
"Hamina, Finland",1.09,1.09,22,Google Data Centers PUE page
"Changhua County, Taiwan",1.14,1.13,22,Google Data Centers PUE page
Singapore,1.15,1.14,22,Google Data Centers PUE page
"Quilicura, Chile",1.08,1.09,22,Google Data Centers PUE page
Fleet wide PUE,Quarterly PUE,Trailing twelve-month (TTM) PUE,23,Google Data Centers PUE page
Fleet,1.13,1.11,23,Google Data Centers PUE page
Campuses,Quarterly PUE,Trailing twelve-month (TTM) PUE,23,Google Data Centers PUE page
"Douglas County, Georgia",1.13,1.10,23,Google Data Centers PUE page
"Lenoir, North Carolina",1.12,1.09,23,Google Data Centers PUE page
"Lowcountry, South Carolina",1.14,1.11,23,Google Data Centers PUE page
"Montgomery County, Tennessee",1.20,*,23,Google Data Centers PUE page
"Jackson County, Alabama",1.21,*,23,Google Data Centers PUE page
"Council Bluffs, Iowa",1.13,1.11,23,Google Data Centers PUE page
"Council Bluffs, Iowa (2nd facility)",1.11,1.10,23,Google Data Centers PUE page
"Mayes County, Oklahoma",1.16,1.12,23,Google Data Centers PUE page
"The Dalles, Oregon",1.11,1.11,23,Google Data Centers PUE page
"The Dalles, Oregon (2nd facility)",1.08,1.08,23,Google Data Centers PUE page
"Dublin, Ireland",1.09,1.09,23,Google Data Centers PUE page
"St. Ghislain, Belgium",1.09,1.08,23,Google Data Centers PUE page
"Eemshaven, Netherlands",1.10,1.09,23,Google Data Centers PUE page
"Hamina, Finland",1.09,1.09,23,Google Data Centers PUE page
"Changhua County, Taiwan",1.15,1.13,23,Google Data Centers PUE page
Singapore,1.14,1.14,23,Google Data Centers PUE page
"Quilicura, Chile",1.08,1.08,23,Google Data Centers PUE page
Fleet wide PUE,Quarterly PUE,Trailing twelve-month (TTM) PUE,24,Google Data Centers PUE page
Fleet,1.09,1.10,24,Google Data Centers PUE page
Campuses,Quarterly PUE,Trailing twelve-month (TTM) PUE,24,Google Data Centers PUE page
"Douglas County, Georgia",1.08,1.10,24,Google Data Centers PUE page
"Lenoir, North Carolina",1.08,1.09,24,Google Data Centers PUE page
"Lowcountry, South Carolina",1.09,1.11,24,Google Data Centers PUE page
"Montgomery County, Tennessee",1.11,*,24,Google Data Centers PUE page
"Jackson County, Alabama",1.13,*,24,Google Data Centers PUE page
"Council Bluffs, Iowa",1.10,1.11,24,Google Data Centers PUE page
"Council Bluffs, Iowa (2nd facility)",1.08,1.09,24,Google Data Centers PUE page
"Mayes County, Oklahoma",1.10,1.12,24,Google Data Centers PUE page
"The Dalles, Oregon",1.10,1.10,24,Google Data Centers PUE page
"The Dalles, Oregon (2nd facility)",1.06,1.07,24,Google Data Centers PUE page
"Dublin, Ireland",1.09,1.09,24,Google Data Centers PUE page
"St. Ghislain, Belgium",1.08,1.08,24,Google Data Centers PUE page
"Eemshaven, Netherlands",1.08,1.09,24,Google Data Centers PUE page
"Hamina, Finland",1.09,1.09,24,Google Data Centers PUE page
"Changhua County, Taiwan",1.11,1.13,24,Google Data Centers PUE page
Singapore,1.13,1.14,24,Google Data Centers PUE page
"Quilicura, Chile",1.08,1.08,24,Google Data Centers PUE page
Fleet wide PUE,Quarterly PUE,Trailing twelve-month (TTM) PUE,25,Google Data Centers PUE page
Fleet,1.09,1.11,25,Google Data Centers PUE page
Campuses,Quarterly PUE,Trailing twelve-month (TTM) PUE,25,Google Data Centers PUE page
"Douglas County, Georgia",1.10,1.12,25,Google Data Centers PUE page
"Lenoir, North Carolina",1.09,1.10,25,Google Data Centers PUE page
"Lowcountry, South Carolina",1.08,1.11,25,Google Data Centers PUE page
"Council Bluffs, Iowa",1.12,1.12,25,Google Data Centers PUE page
"Council Bluffs, Iowa (2nd facility)",1.08,1.09,25,Google Data Centers PUE page
"Mayes County, Oklahoma",1.08,1.10,25,Google Data Centers PUE page
"The Dalles, Oregon",1.11,1.12,25,Google Data Centers PUE page
"The Dalles, Oregon (2nd facility)",1.07,*,25,Google Data Centers PUE page
"Dublin, Ireland",1.13,1.12,25,Google Data Centers PUE page
"St. Ghislain, Belgium",1.09,1.09,25,Google Data Centers PUE page
"Eemshaven, Netherlands",1.09,1.10,25,Google Data Centers PUE page
"Hamina, Finland",1.09,1.09,25,Google Data Centers PUE page
"Changhua County, Taiwan",1.11,1.14,25,Google Data Centers PUE page
Singapore,1.15,1.17,25,Google Data Centers PUE page
"Quilicura, Chile",1.10,1.11,25,Google Data Centers PUE page
Fleet wide PUE,Quarterly PUE,Trailing twelve-month (TTM) PUE,26,Google Data Centers PUE page
Fleet,1.11,1.11,26,Google Data Centers PUE page
Campuses,Quarterly PUE,Trailing twelve-month (TTM) PUE,26,Google Data Centers PUE page
"Douglas County, Georgia",1.13,1.12,26,Google Data Centers PUE page
"Lenoir, North Carolina",1.10,1.10,26,Google Data Centers PUE page
"Lowcountry, South Carolina",1.12,1.11,26,Google Data Centers PUE page
"Council Bluffs, Iowa",1.11,1.11,26,Google Data Centers PUE page
"Council Bluffs, Iowa (2nd facility)",1.09,1.09,26,Google Data Centers PUE page
"Mayes County, Oklahoma",1.11,1.10,26,Google Data Centers PUE page
"The Dalles, Oregon",1.11,1.12,26,Google Data Centers PUE page
"The Dalles, Oregon (2nd facility)",1.06,1.11,26,Google Data Centers PUE page
"Dublin, Ireland",1.13,1.12,26,Google Data Centers PUE page
"St. Ghislain, Belgium",1.09,1.09,26,Google Data Centers PUE page
"Eemshaven, Netherlands",1.09,1.10,26,Google Data Centers PUE page
"Hamina, Finland",1.09,1.09,26,Google Data Centers PUE page
"Changhua County, Taiwan",1.14,1.13,26,Google Data Centers PUE page
Singapore,1.15,1.16,26,Google Data Centers PUE page
"Quilicura, Chile",1.09,1.10,26,Google Data Centers PUE page
Fleet wide PUE,Quarterly PUE,Trailing twelve-month (TTM) PUE,27,Google Data Centers PUE page
Fleet,1.13,1.11,27,Google Data Centers PUE page
Campuses,Quarterly PUE,Trailing twelve-month (TTM) PUE,27,Google Data Centers PUE page
"Douglas County, Georgia",1.16,1.12,27,Google Data Centers PUE page
"Lenoir, North Carolina",1.12,1.10,27,Google Data Centers PUE page
"Lowcountry, South Carolina",1.14,1.11,27,Google Data Centers PUE page
"Council Bluffs, Iowa",1.14,1.12,27,Google Data Centers PUE page
"Council Bluffs, Iowa (2nd facility)",1.11,1.09,27,Google Data Centers PUE page
"Mayes County, Oklahoma",1.15,1.10,27,Google Data Centers PUE page
"The Dalles, Oregon",1.12,1.11,27,Google Data Centers PUE page
"The Dalles, Oregon (2nd facility)",1.07,1.11,27,Google Data Centers PUE page
"Dublin, Ireland",1.13,1.12,27,Google Data Centers PUE page
"St. Ghislain, Belgium",1.09,1.09,27,Google Data Centers PUE page
"Eemshaven, Netherlands",1.10,1.09,27,Google Data Centers PUE page
"Hamina, Finland",1.09,1.09,27,Google Data Centers PUE page
"Changhua County, Taiwan",1.15,1.13,27,Google Data Centers PUE page
Singapore,1.15,1.15,27,Google Data Centers PUE page
"Quilicura, Chile",1.09,1.09,27,Google Data Centers PUE page
Fleet wide PUE,Quarterly PUE,Trailing twelve-month (TTM) PUE,28,Google Data Centers PUE page
Fleet,1.09,1.10,28,Google Data Centers PUE page
Campuses,Quarterly PUE,Trailing twelve-month (TTM) PUE,28,Google Data Centers PUE page
"Douglas County, Georgia",1.10,1.12,28,Google Data Centers PUE page
"Lenoir, North Carolina",1.08,1.10,28,Google Data Centers PUE page
"Lowcountry, South Carolina",1.10,1.11,28,Google Data Centers PUE page
"Council Bluffs, Iowa",1.10,1.12,28,Google Data Centers PUE page
"Council Bluffs, Iowa (2nd facility)",1.07,1.09,28,Google Data Centers PUE page
"Mayes County, Oklahoma",1.08,1.10,28,Google Data Centers PUE page
"The Dalles, Oregon",1.11,1.11,28,Google Data Centers PUE page
"The Dalles, Oregon (2nd facility)",1.08,1.07,28,Google Data Centers PUE page
"Dublin, Ireland",1.10,1.12,28,Google Data Centers PUE page
"St. Ghislain, Belgium",1.08,1.09,28,Google Data Centers PUE page
"Eemshaven, Netherlands",1.08,1.09,28,Google Data Centers PUE page
"Hamina, Finland",1.09,1.09,28,Google Data Centers PUE page
"Changhua County, Taiwan",1.12,1.13,28,Google Data Centers PUE page
Singapore,1.14,1.15,28,Google Data Centers PUE page
"Quilicura, Chile",1.09,1.09,28,Google Data Centers PUE page
Fleet wide PUE,Quarterly PUE,Trailing twelve-month (TTM) PUE,29,Google Data Centers PUE page
Fleet,1.10,1.11,29,Google Data Centers PUE page
Campuses,Quarterly PUE,Trailing twelve-month (TTM) PUE,29,Google Data Centers PUE page
"Douglas County, Georgia",1.10,1.11,29,Google Data Centers PUE page
"Lenoir, North Carolina",1.10,1.10,29,Google Data Centers PUE page
"Lowcountry, South Carolina",1.10,1.12,29,Google Data Centers PUE page
"Council Bluffs, Iowa",1.14,1.13,29,Google Data Centers PUE page
"Council Bluffs, Iowa (2nd facility)",1.09,1.10,29,Google Data Centers PUE page
"Mayes County, Oklahoma",1.08,1.11,29,Google Data Centers PUE page
"The Dalles, Oregon",1.14,1.14,29,Google Data Centers PUE page
"Dublin, Ireland",1.11,1.11,29,Google Data Centers PUE page
"St. Ghislain, Belgium",1.08,1.09,29,Google Data Centers PUE page
"Eemshaven, Netherlands",1.11,1.11,29,Google Data Centers PUE page
"Hamina, Finland",1.09,1.09,29,Google Data Centers PUE page
"Changhua County, Taiwan",1.12,1.14,29,Google Data Centers PUE page
Singapore,1.16,1.17,29,Google Data Centers PUE page
"Quilicura, Chile",1.14,1.14,29,Google Data Centers PUE page
Fleet wide PUE,Quarterly PUE,Trailing twelve-month (TTM) PUE,30,Google Data Centers PUE page
Fleet,1.12,1.11,30,Google Data Centers PUE page
Campuses,Quarterly PUE,Trailing twelve-month (TTM) PUE,30,Google Data Centers PUE page
"Douglas County, Georgia",1.12,1.11,30,Google Data Centers PUE page
"Lenoir, North Carolina",1.11,1.11,30,Google Data Centers PUE page
"Lowcountry, South Carolina",1.13,1.12,30,Google Data Centers PUE page
"Council Bluffs, Iowa",1.13,1.14,30,Google Data Centers PUE page
"Council Bluffs, Iowa (2nd facility)",1.10,1.10,30,Google Data Centers PUE page
"Mayes County, Oklahoma",1.11,1.11,30,Google Data Centers PUE page
"The Dalles, Oregon",1.13,1.14,30,Google Data Centers PUE page
"Dublin, Ireland",1.12,1.11,30,Google Data Centers PUE page
"St. Ghislain, Belgium",1.08,1.08,30,Google Data Centers PUE page
"Eemshaven, Netherlands",1.11,1.11,30,Google Data Centers PUE page
"Hamina, Finland",1.09,1.09,30,Google Data Centers PUE page
"Changhua County, Taiwan",1.16,1.14,30,Google Data Centers PUE page
Singapore,1.20,1.18,30,Google Data Centers PUE page
"Quilicura, Chile",1.13,1.14,30,Google Data Centers PUE page
Fleet wide PUE,Quarterly PUE,Trailing twelve-month (TTM) PUE,31,Google Data Centers PUE page
Fleet,1.13,1.11,31,Google Data Centers PUE page
Campuses,Quarterly PUE,Trailing twelve-month (TTM) PUE,31,Google Data Centers PUE page
"Douglas County, Georgia",1.16,1.12,31,Google Data Centers PUE page
"Lenoir, North Carolina",1.13,1.11,31,Google Data Centers PUE page
"Lowcountry, South Carolina",1.15,1.12,31,Google Data Centers PUE page
"Council Bluffs, Iowa",1.14,1.14,31,Google Data Centers PUE page
"Council Bluffs, Iowa (2nd facility)",1.11,1.10,31,Google Data Centers PUE page
"Mayes County, Oklahoma",1.13,1.11,31,Google Data Centers PUE page
"The Dalles, Oregon",1.13,1.13,31,Google Data Centers PUE page
"The Dalles, Oregon (2nd facility)",1.08,*,31,Google Data Centers PUE page
"Dublin, Ireland",1.11,1.11,31,Google Data Centers PUE page
"St. Ghislain, Belgium",1.10,1.09,31,Google Data Centers PUE page
"Eemshaven, Netherlands",1.12,1.11,31,Google Data Centers PUE page
"Hamina, Finland",1.10,1.09,31,Google Data Centers PUE page
"Changhua County, Taiwan",1.17,1.15,31,Google Data Centers PUE page
Singapore,1.18,1.18,31,Google Data Centers PUE page
"Quilicura, Chile",1.12,1.13,31,Google Data Centers PUE page
Fleet wide PUE,Quarterly PUE,Trailing twelve-month (TTM) PUE,32,Google Data Centers PUE page
Fleet,1.10,1.11,32,Google Data Centers PUE page
Campuses,Quarterly PUE,Trailing twelve-month (TTM) PUE,32,Google Data Centers PUE page
"Douglas County, Georgia",1.10,1.12,32,Google Data Centers PUE page
"Lenoir, North Carolina",1.09,1.11,32,Google Data Centers PUE page
"Lowcountry, South Carolina",1.10,1.12,32,Google Data Centers PUE page
"Council Bluffs, Iowa",1.11,1.12,32,Google Data Centers PUE page
"Council Bluffs, Iowa (2nd facility)",1.08,1.09,32,Google Data Centers PUE page
"Mayes County, Oklahoma",1.08,1.10,32,Google Data Centers PUE page
"The Dalles, Oregon",1.11,1.13,32,Google Data Centers PUE page
"The Dalles, Oregon (2nd facility)",1.24,*,32,Google Data Centers PUE page
"Dublin, Ireland",1.12,1.11,32,Google Data Centers PUE page
"St. Ghislain, Belgium",1.10,1.09,32,Google Data Centers PUE page
"Eemshaven, Netherlands",1.10,1.11,32,Google Data Centers PUE page
"Hamina, Finland",1.09,1.09,32,Google Data Centers PUE page
"Changhua County, Taiwan",1.12,1.14,32,Google Data Centers PUE page
Singapore,1.17,1.18,32,Google Data Centers PUE page
"Quilicura, Chile",1.10,1.12,32,Google Data Centers PUE page
Fleet wide PUE,Quarterly PUE,Trailing twelve-month (TTM) PUE,33,Google Data Centers PUE page
Fleet,1.11,1.12,33,Google Data Centers PUE page
Campuses,Quarterly PUE,Trailing twelve-month (TTM) PUE,33,Google Data Centers PUE page
"Douglas County, Georgia",1.11,1.12,33,Google Data Centers PUE page
"Lenoir, North Carolina",1.10,1.10,33,Google Data Centers PUE page
"Lowcountry, South Carolina",1.10,1.12,33,Google Data Centers PUE page
"Council Bluffs, Iowa",1.10,1.11,33,Google Data Centers PUE page
"Council Bluffs, Iowa (2nd facility)",1.10,1.11,33,Google Data Centers PUE page
"Mayes County, Oklahoma",1.11,1.12,33,Google Data Centers PUE page
"The Dalles, Oregon",1.14,1.13,33,Google Data Centers PUE page
"Dublin, Ireland",1.12,1.13,33,Google Data Centers PUE page
"St. Ghislain, Belgium",1.09,1.09,33,Google Data Centers PUE page
"Eemshaven, Netherlands",1.22,*,33,Google Data Centers PUE page
"Hamina, Finland",1.10,1.12,33,Google Data Centers PUE page
"Changhua County, Taiwan",1.12,1.16,33,Google Data Centers PUE page
Singapore,1.18,1.19,33,Google Data Centers PUE page
"Quilicura, Chile",1.14,1.12,33,Google Data Centers PUE page
Fleet wide PUE,Quarterly PUE,Trailing twelve-month (TTM) PUE,34,Google Data Centers PUE page
Fleet,1.11,1.12,34,Google Data Centers PUE page
Campuses,Quarterly PUE,Trailing twelve-month (TTM) PUE,34,Google Data Centers PUE page
"Douglas County, Georgia",1.12,1.12,34,Google Data Centers PUE page
"Lenoir, North Carolina",1.10,1.10,34,Google Data Centers PUE page
"Lowcountry, South Carolina",1.13,1.12,34,Google Data Centers PUE page
"Council Bluffs, Iowa",1.11,1.11,34,Google Data Centers PUE page
"Council Bluffs, Iowa (2nd facility)",1.10,1.11,34,Google Data Centers PUE page
"Mayes County, Oklahoma",1.12,1.12,34,Google Data Centers PUE page
"The Dalles, Oregon",1.14,1.13,34,Google Data Centers PUE page
"Dublin, Ireland",1.12,1.13,34,Google Data Centers PUE page
"St. Ghislain, Belgium",1.09,1.09,34,Google Data Centers PUE page
"Eemshaven, Netherlands",1.10,*,34,Google Data Centers PUE page
"Hamina, Finland",1.09,1.11,34,Google Data Centers PUE page
"Changhua County, Taiwan",1.15,1.15,34,Google Data Centers PUE page
Singapore,1.18,1.19,34,Google Data Centers PUE page
"Quilicura, Chile",1.14,1.13,34,Google Data Centers PUE page
Fleet wide PUE,Quarterly PUE,Trailing twelve-month (TTM) PUE,35,Google Data Centers PUE page
Fleet,1.13,1.12,35,Google Data Centers PUE page
Campuses,Quarterly PUE,Trailing twelve-month (TTM) PUE,35,Google Data Centers PUE page
"Douglas County, Georgia",1.14,1.12,35,Google Data Centers PUE page
"Lenoir, North Carolina",1.12,1.10,35,Google Data Centers PUE page
"Lowcountry, South Carolina",1.16,1.13,35,Google Data Centers PUE page
"Council Bluffs, Iowa",1.15,1.11,35,Google Data Centers PUE page
"Council Bluffs, Iowa (2nd facility)",1.12,1.10,35,Google Data Centers PUE page
"Mayes County, Oklahoma",1.14,1.12,35,Google Data Centers PUE page
"The Dalles, Oregon",1.15,1.14,35,Google Data Centers PUE page
"Dublin, Ireland",1.11,1.12,35,Google Data Centers PUE page
"St. Ghislain, Belgium",1.09,1.09,35,Google Data Centers PUE page
"Eemshaven, Netherlands",1.11,*,35,Google Data Centers PUE page
"Hamina, Finland",1.09,1.10,35,Google Data Centers PUE page
"Changhua County, Taiwan",1.17,1.15,35,Google Data Centers PUE page
Singapore,1.17,1.18,35,Google Data Centers PUE page
"Quilicura, Chile",1.14,1.13,35,Google Data Centers PUE page
Fleet wide PUE,Quarterly PUE,Trailing twelve-month (TTM) PUE,36,Google Data Centers PUE page
Fleet,1.10,1.11,36,Google Data Centers PUE page
Campuses,Quarterly PUE,Trailing twelve-month (TTM) PUE,36,Google Data Centers PUE page
"Douglas County, Georgia",1.10,1.12,36,Google Data Centers PUE page
"Lenoir, North Carolina",1.10,1.10,36,Google Data Centers PUE page
"Lowcountry, South Carolina",1.11,1.13,36,Google Data Centers PUE page
"Council Bluffs, Iowa",1.15,1.12,36,Google Data Centers PUE page
"Council Bluffs, Iowa (2nd facility)",1.08,1.10,36,Google Data Centers PUE page
"Mayes County, Oklahoma",1.09,1.12,36,Google Data Centers PUE page
"The Dalles, Oregon",1.14,1.14,36,Google Data Centers PUE page
"Dublin, Ireland",1.11,1.11,36,Google Data Centers PUE page
"St. Ghislain, Belgium",1.08,1.09,36,Google Data Centers PUE page
"Eemshaven, Netherlands",1.12,1.13,36,Google Data Centers PUE page
"Hamina, Finland",1.09,1.09,36,Google Data Centers PUE page
"Changhua County, Taiwan",1.13,1.14,36,Google Data Centers PUE page
Singapore,1.17,1.18,36,Google Data Centers PUE page
"Quilicura, Chile",1.13,1.14,36,Google Data Centers PUE page
Fleet-wide quarterly PUE:,1.11,,37,Google Data Centers PUE page
Fleet-wide trailing twelve-month (TTM) PUE:,1.12,,37,Google Data Centers PUE page
Individual facility minimum quarterly PUE:,"1.08, Data Centers K, O, BM, BO",,37,Google Data Centers PUE page
Individual facility minimum TTM PUE*:,"1.10, Data Centers K, L, N, P, T, AB",,37,Google Data Centers PUE page
Individual facility maximum quarterly PUE:,"1.22, Data Center U",,37,Google Data Centers PUE page
Individual facility maximum TTM PUE*:,"1.24, Data Center BW",,37,Google Data Centers PUE page
Fleet wide PUE,Quarterly PUE,Trailing twelve-month (TTM) PUE,38,Google Data Centers PUE page
Fleet,1.12,1.12,38,Google Data Centers PUE page
Campuses,Quarterly PUE,Trailing twelve-month (TTM) PUE,38,Google Data Centers PUE page
"Douglas County, Georgia",1.12,1.11,38,Google Data Centers PUE page
"Lenoir, North Carolina",1.10,1.11,38,Google Data Centers PUE page
"Lowcountry, South Carolina",1.13,1.13,38,Google Data Centers PUE page
"Council Bluffs, Iowa",1.10,1.10,38,Google Data Centers PUE page
"Council Bluffs, Iowa (2nd facility)",1.11,1.12,38,Google Data Centers PUE page
"Mayes County, Oklahoma",1.11,1.11,38,Google Data Centers PUE page
"The Dalles, Oregon",1.13,1.13,38,Google Data Centers PUE page
"Dublin, Ireland",1.17,1.15,38,Google Data Centers PUE page
"St. Ghislain, Belgium",1.09,1.09,38,Google Data Centers PUE page
"Hamina, Finland",1.12,1.11,38,Google Data Centers PUE page
"Changhua County, Taiwan",1.20,1.18,38,Google Data Centers PUE page
Singapore,1.19,1.21,38,Google Data Centers PUE page
"Quilicura, Chile",1.12,1.15,38,Google Data Centers PUE page
Fleet wide PUE,Quarterly PUE,Trailing twelve-month (TTM) PUE,39,Google Data Centers PUE page
Fleet,1.14,1.12,39,Google Data Centers PUE page
Campuses,Quarterly PUE,Trailing twelve-month (TTM) PUE,39,Google Data Centers PUE page
"Douglas County, Georgia",1.16,1.12,39,Google Data Centers PUE page
"Lenoir, North Carolina",1.12,1.11,39,Google Data Centers PUE page
"Lowcountry, South Carolina",1.16,1.13,39,Google Data Centers PUE page
"Council Bluffs, Iowa",1.14,1.10,39,Google Data Centers PUE page
"Council Bluffs, Iowa (2nd facility)",1.14,1.12,39,Google Data Centers PUE page
"Mayes County, Oklahoma",1.15,1.12,39,Google Data Centers PUE page
"The Dalles, Oregon",1.13,1.13,39,Google Data Centers PUE page
"Dublin, Ireland",1.15,1.15,39,Google Data Centers PUE page
"St. Ghislain, Belgium",1.10,1.09,39,Google Data Centers PUE page
"Hamina, Finland",1.13,1.12,39,Google Data Centers PUE page
"Changhua County, Taiwan",1.20,1.18,39,Google Data Centers PUE page
Singapore,1.20,1.21,39,Google Data Centers PUE page
"Quilicura, Chile",1.11,1.12,39,Google Data Centers PUE page
Fleet wide PUE,Quarterly PUE,Trailing twelve-month (TTM) PUE,40,Google Data Centers PUE page
Fleet,1.11,1.12,40,Google Data Centers PUE page
Campuses,Quarterly PUE,Trailing twelve-month (TTM) PUE,40,Google Data Centers PUE page
"Douglas County, Georgia",1.11,1.12,40,Google Data Centers PUE page
"Lenoir, North Carolina",1.10,1.10,40,Google Data Centers PUE page
"Lowcountry, South Carolina",1.10,1.13,40,Google Data Centers PUE page
"Council Bluffs, Iowa",1.10,1.10,40,Google Data Centers PUE page
"Council Bluffs, Iowa (2nd facility)",1.10,1.11,40,Google Data Centers PUE page
"Mayes County, Oklahoma",1.11,1.12,40,Google Data Centers PUE page
"The Dalles, Oregon",1.12,1.13,40,Google Data Centers PUE page
"Dublin, Ireland",1.17,1.15,40,Google Data Centers PUE page
"St. Ghislain, Belgium",1.09,1.09,40,Google Data Centers PUE page
"Hamina, Finland",1.12,1.12,40,Google Data Centers PUE page
"Changhua County, Taiwan",1.15,1.17,40,Google Data Centers PUE page
Singapore,1.19,1.20,40,Google Data Centers PUE page
"Quilicura, Chile",1.11,1.11,40,Google Data Centers PUE page
Fleet-wide quarterly PUE:,1.11,,41,Google Data Centers PUE page
Fleet-wide trailing twelve-month (TTM) PUE:,1.12,,41,Google Data Centers PUE page
Individual facility minimum quarterly PUE:,"1.08, Data Center K",,41,Google Data Centers PUE page
Individual facility minimum TTM PUE*:,"1.09, Data Center N",,41,Google Data Centers PUE page
Individual facility maximum quarterly PUE:,"1.22, Data Center U",,41,Google Data Centers PUE page
Individual facility maximum TTM PUE*:,"1.13, Data Centers D, E",,41,Google Data Centers PUE page
Fleet-wide quarterly PUE:,1.12,,42,Google Data Centers PUE page
Fleet-wide trailing twelve-month (TTM) PUE:,1.12,,42,Google Data Centers PUE page
Individual facility minimum quarterly PUE:,"1.09, Data Centers L, M, N",,42,Google Data Centers PUE page
Individual facility minimum TTM PUE*:,"1.09, Data Centers M, N",,42,Google Data Centers PUE page
Individual facility maximum quarterly PUE:,"1.24, Data Center U",,42,Google Data Centers PUE page
Individual facility maximum TTM PUE*:,"1.24, Data Center U",,42,Google Data Centers PUE page
Fleet-wide quarterly PUE:,1.14,,43,Google Data Centers PUE page
Fleet-wide trailing twelve-month (TTM) PUE:,1.12,,43,Google Data Centers PUE page
Individual facility minimum quarterly PUE:,"1.09, Data Centers N, BO",,43,Google Data Centers PUE page
Individual facility minimum TTM PUE*:,"1.09, Data Center N",,43,Google Data Centers PUE page
Individual facility maximum quarterly PUE:,"1.25, Data Center H",,43,Google Data Centers PUE page
Individual facility maximum TTM PUE*:,"1.23, Data Center U",,43,Google Data Centers PUE page
Fleet-wide quarterly PUE:,1.11,,44,Google Data Centers PUE page
Fleet-wide trailing twelve-month (TTM) PUE:,1.12,,44,Google Data Centers PUE page
Individual facility minimum quarterly PUE:,"1.08, Data Centers K, L, BM, BO",,44,Google Data Centers PUE page
Individual facility minimum TTM PUE*:,"1.09, Data Center N",,44,Google Data Centers PUE page
Individual facility maximum quarterly PUE:,"1.22, Data Centers I, U",,44,Google Data Centers PUE page
Individual facility maximum TTM PUE*:,"1.31, Data Center AF",,44,Google Data Centers PUE page
Fleet-wide quarterly PUE:,1.11,,45,Google Data Centers PUE page
Fleet-wide trailing twelve-month (TTM) PUE:,1.12,,45,Google Data Centers PUE page
Individual facility minimum quarterly PUE:,"1.09, Data Centers J, K, L, O, P",,45,Google Data Centers PUE page
Individual facility minimum TTM PUE*:,"1.10, Data Centers J, L, N",,45,Google Data Centers PUE page
Individual facility maximum quarterly PUE:,"1.16, Data Center F",,45,Google Data Centers PUE page
Individual facility maximum TTM PUE*:,"1.14, Data Centers B, D, G",,45,Google Data Centers PUE page
Fleet-wide quarterly PUE:,1.11,,46,Google Data Centers PUE page
Fleet-wide trailing twelve-month (TTM) PUE:,1.12,,46,Google Data Centers PUE page
Individual facility minimum quarterly PUE:,"1.08, Data Center N",,46,Google Data Centers PUE page
Individual facility minimum TTM PUE*:,"1.10, Data Centers J, L, N",,46,Google Data Centers PUE page
Individual facility maximum quarterly PUE:,"1.14, Data Centers B, C, E, F",,46,Google Data Centers PUE page
Individual facility maximum TTM PUE*:,"1.14, Data Centers B, F",,46,Google Data Centers PUE page
Fleet-wide quarterly PUE:,1.13,,47,Google Data Centers PUE page
Fleet-wide trailing twelve-month (TTM) PUE:,1.12,,47,Google Data Centers PUE page
Individual facility minimum quarterly PUE:,"1.09, Data Centers M, N",,47,Google Data Centers PUE page
Individual facility minimum TTM PUE*:,"1.10, Data Centers J, L, M, N, P",,47,Google Data Centers PUE page
Individual facility maximum quarterly PUE:,"1.26, Data Center U",,47,Google Data Centers PUE page
Individual facility maximum TTM PUE*:,"1.13, Data Centers C, D, G, H",,47,Google Data Centers PUE page
Fleet-wide quarterly PUE:,1.11,,48,Google Data Centers PUE page
Fleet-wide trailing twelve-month (TTM) PUE:,1.12,,48,Google Data Centers PUE page
Individual facility minimum quarterly PUE:,"1.09, Data Centers G, I, K, L, N, P",,48,Google Data Centers PUE page
Individual facility minimum TTM PUE*:,"1.09, Data Center N",,48,Google Data Centers PUE page
Individual facility maximum quarterly PUE:,"1.23, Data Center U",,48,Google Data Centers PUE page
Individual facility maximum TTM PUE*:,"1.13, Data Center C, D, E, H",,48,Google Data Centers PUE page
Fleet-wide quarterly PUE:,1.12,,49,Google Data Centers PUE page
Fleet-wide trailing twelve-month (TTM) PUE:,1.12,,49,Google Data Centers PUE page
Individual facility minimum quarterly PUE:,"1.09, Data Center F",,49,Google Data Centers PUE page
Individual facility minimum TTM PUE*:,"1.09, Data Center J",,49,Google Data Centers PUE page
Individual facility maximum quarterly PUE:,"1.20, Data Center A",,49,Google Data Centers PUE page
Individual facility maximum TTM PUE*:,"1.22, Data Center A",,49,Google Data Centers PUE page
Fleet-wide quarterly PUE:,1.12,,50,Google Data Centers PUE page
Fleet-wide trailing twelve-month (TTM) PUE:,1.12,,50,Google Data Centers PUE page
Individual facility minimum quarterly PUE:,"1.10, Data Centers J, L, N",,50,Google Data Centers PUE page
Individual facility minimum TTM PUE*:,"1.09, Data Centers J",,50,Google Data Centers PUE page
Individual facility maximum quarterly PUE:,"1.23, Data Centers A",,50,Google Data Centers PUE page
Individual facility maximum TTM PUE*:,"1.22, Data Centers A",,50,Google Data Centers PUE page
Fleet-wide quarterly PUE:,1.14,,51,Google Data Centers PUE page
Fleet-wide trailing twelve-month (TTM) PUE:,1.12,,51,Google Data Centers PUE page
Individual facility minimum quarterly PUE:,"1.10, Data Centers J, N",,51,Google Data Centers PUE page
Individual facility minimum TTM PUE*:,"1.10, Data Centers F, J, N",,51,Google Data Centers PUE page
Individual facility maximum quarterly PUE:,"1.25, Data Centers A",,51,Google Data Centers PUE page
Individual facility maximum TTM PUE*:,"1.22, Data Centers A",,51,Google Data Centers PUE page
Fleet-wide quarterly PUE:,1.11,,52,Google Data Centers PUE page
Fleet-wide trailing twelve-month (TTM) PUE:,1.12,,52,Google Data Centers PUE page
Individual facility minimum quarterly PUE:,"1.09, Data Centers E, L",,52,Google Data Centers PUE page
Individual facility minimum TTM PUE*:,"1.10, Data Centers J, L, N",,52,Google Data Centers PUE page
Individual facility maximum quarterly PUE:,"1.21, Data Centers A",,52,Google Data Centers PUE page
Individual facility maximum TTM PUE*:,"1.22, Data Centers A",,52,Google Data Centers PUE page
Fleet-wide quarterly PUE:,1.11,,53,Google Data Centers PUE page
Fleet-wide trailing twelve-month (TTM) PUE:,1.13,,53,Google Data Centers PUE page
Individual facility minimum quarterly PUE:,"1.08, Data Center F",,53,Google Data Centers PUE page
Individual facility minimum TTM PUE*:,"1.11, Data Center F",,53,Google Data Centers PUE page
Individual facility maximum quarterly PUE:,"1.20, Data Center A",,53,Google Data Centers PUE page
Individual facility maximum TTM PUE*:,"1.22, Data Center A",,53,Google Data Centers PUE page
Fleet-wide quarterly PUE:,1.12,,54,Google Data Centers PUE page
Fleet-wide trailing twelve-month (TTM) PUE:,1.13,,54,Google Data Centers PUE page
Individual facility minimum quarterly PUE:,"1.09, Data Center J",,54,Google Data Centers PUE page
Individual facility minimum TTM PUE*:,"1.10, Data Center F",,54,Google Data Centers PUE page
Individual facility maximum quarterly PUE:,"1.24, Data Center A",,54,Google Data Centers PUE page
Individual facility maximum TTM PUE*:,"1.23, Data Center A",,54,Google Data Centers PUE page
Fleet-wide quarterly PUE:,>1.14,,55,Google Data Centers PUE page
Fleet-wide trailing twelve-month (TTM) PUE:,1.13,,55,Google Data Centers PUE page
Individual facility minimum quarterly PUE:,"1.08, Data Center J",,55,Google Data Centers PUE page
Individual facility minimum TTM PUE*:,"1.10, Data Centers F and J",,55,Google Data Centers PUE page
Individual facility maximum quarterly PUE:,"1.25, Data Center A",,55,Google Data Centers PUE page
Individual facility maximum TTM PUE*:,"1.23, Data Center A",,55,Google Data Centers PUE page
Fleet-wide quarterly PUE:,1.11,,56,Google Data Centers PUE page
Fleet-wide trailing twelve-month (TTM) PUE:,1.12,,56,Google Data Centers PUE page
Individual facility minimum quarterly PUE:,"1.08, Data Centers F and J",,56,Google Data Centers PUE page
Individual facility minimum TTM PUE*:,"1.09, Data Center J",,56,Google Data Centers PUE page
Individual facility maximum quarterly PUE:,"1.19, Data Center A",,56,Google Data Centers PUE page
Individual facility maximum TTM PUE*:,"1.23, Data Center A",,56,Google Data Centers PUE page
Fleet-wide quarterly PUE:,1.13,,57,Google Data Centers PUE page
Fleet-wide trailing twelve-month (TTM) PUE:,1.16,,57,Google Data Centers PUE page
Individual facility minimum quarterly PUE:,"1.09, Data Center E",,57,Google Data Centers PUE page
Individual facility minimum TTM PUE*:,"1.11, Data Center J",,57,Google Data Centers PUE page
Individual facility maximum quarterly PUE:,"1.22, Data Center C",,57,Google Data Centers PUE page
Individual facility maximum TTM PUE*:,"1.21, Data Center C",,57,Google Data Centers PUE page
Fleet-wide quarterly PUE:,1.14,,58,Google Data Centers PUE page
Fleet-wide trailing twelve-month (TTM) PUE:,1.15,,58,Google Data Centers PUE page
Individual facility minimum quarterly PUE:,"1.11, Data Center E",,58,Google Data Centers PUE page
Individual facility minimum TTM PUE*:,"1.11, Data Center J",,58,Google Data Centers PUE page
Individual facility maximum quarterly PUE:,"1.21, Data Center C",,58,Google Data Centers PUE page
Individual facility maximum TTM PUE*:,"1.20, Data Center C",,58,Google Data Centers PUE page
Fleet-wide quarterly PUE:,1.16,,59,Google Data Centers PUE page
Fleet-wide trailing twelve-month (TTM) PUE:,1.14,,59,Google Data Centers PUE page
Individual facility minimum quarterly PUE:,"1.12, Data Center J",,59,Google Data Centers PUE page
Individual facility minimum TTM PUE*:,"1.11, Data Center J",,59,Google Data Centers PUE page
Individual facility maximum quarterly PUE:,"1.24, Data Center A",,59,Google Data Centers PUE page
Individual facility maximum TTM PUE*:,"1.20, Data Center A",,59,Google Data Centers PUE page
Fleet-wide quarterly PUE:,1.12,,60,Google Data Centers PUE page
Fleet-wide trailing twelve-month (TTM) PUE:,1.14,,60,Google Data Centers PUE page
Individual facility minimum quarterly PUE:,"1.08, Data Center F",,60,Google Data Centers PUE page
Individual facility minimum TTM PUE*:,"1.11, Data Center F",,60,Google Data Centers PUE page
Individual facility maximum quarterly PUE:,"1.20, Data Center A",,60,Google Data Centers PUE page
Individual facility maximum TTM PUE*:,"1.21, Data Center A",,60,Google Data Centers PUE page
Fleet-wide quarterly PUE:,1.15,,61,Google Data Centers PUE page
Fleet-wide trailing twelve-month (TTM) PUE:,1.18,,61,Google Data Centers PUE page
Individual facility minimum quarterly PUE:,"1.10, Data Center E",,61,Google Data Centers PUE page
Individual facility minimum TTM PUE*:,"1.13, Data Center B",,61,Google Data Centers PUE page
Individual facility maximum quarterly PUE:,"1.20, Data Center C",,61,Google Data Centers PUE page
Individual facility maximum TTM PUE*:,"1.24, Data Center A",,61,Google Data Centers PUE page
Fleet-wide quarterly PUE:,1.17,,62,Google Data Centers PUE page
Fleet-wide trailing twelve-month (TTM) PUE:,1.18,,62,Google Data Centers PUE page
Individual facility minimum quarterly PUE:,"1.13, Data Center J",,62,Google Data Centers PUE page
Individual facility minimum TTM PUE*:,"1.13, Data Center B",,62,Google Data Centers PUE page
Individual facility maximum quarterly PUE:,"1.22, Data Center A",,62,Google Data Centers PUE page
Individual facility maximum TTM PUE*:,"1.23, Data Center H",,62,Google Data Centers PUE page
Fleet-wide quarterly PUE:,1.20,,63,Google Data Centers PUE page
Fleet-wide trailing twelve-month (TTM) PUE:,1.17,,63,Google Data Centers PUE page
Individual facility minimum quarterly PUE:,"1.12, Data Center J",,63,Google Data Centers PUE page
Individual facility minimum TTM PUE*:,"1.13, Data Center B",,63,Google Data Centers PUE page
Individual facility maximum quarterly PUE:,"1.24, Data Center A",,63,Google Data Centers PUE page
Individual facility maximum TTM PUE*:,"1.21, Data Center H",,63,Google Data Centers PUE page
Fleet-wide quarterly PUE:,1.13,,64,Google Data Centers PUE page
Fleet-wide trailing twelve-month (TTM) PUE:,1.16,,64,Google Data Centers PUE page
Individual facility minimum quarterly PUE:,"1.10, Data Center E",,64,Google Data Centers PUE page
Individual facility minimum TTM PUE*:,"1.12, Data Center J",,64,Google Data Centers PUE page
Individual facility maximum quarterly PUE:,"1.22, Data Center C",,64,Google Data Centers PUE page
Individual facility maximum TTM PUE*:,"1.21, Data Center A",,64,Google Data Centers PUE page
Fleet-wide quarterly PUE:,1.15,,65,Google Data Centers PUE page
Fleet-wide trailing twelve-month (TTM) PUE:,1.19,,65,Google Data Centers PUE page
Individual facility minimum quarterly PUE:,"1.11, Data Center F",,65,Google Data Centers PUE page
Individual facility minimum TTM PUE*:,"1.15, Data Center B",,65,Google Data Centers PUE page
Individual facility maximum quarterly PUE:,"1.20, Data Center C",,65,Google Data Centers PUE page
Individual facility maximum TTM PUE*:,"1.23, Data Center A",,65,Google Data Centers PUE page
Fleet-wide quarterly PUE:,1.20,,66,Google Data Centers PUE page
Fleet-wide trailing twelve-month (TTM) PUE:,1.19,,66,Google Data Centers PUE page
Individual facility minimum quarterly PUE:,"1.15, Data Center B",,66,Google Data Centers PUE page
Individual facility minimum TTM PUE*:,"1.14, Data Center B",,66,Google Data Centers PUE page
Individual facility maximum quarterly PUE:,"1.30, Data Center H",,66,Google Data Centers PUE page
Individual facility maximum TTM PUE*:,"1.22, Data Center A",,66,Google Data Centers PUE page
Fleet-wide quarterly PUE:,1.22,,67,Google Data Centers PUE page
Fleet-wide trailing twelve-month (TTM) PUE:,1.19,,67,Google Data Centers PUE page
Individual facility minimum quarterly PUE:,"1.15, Data Center B",,67,Google Data Centers PUE page
Individual facility minimum TTM PUE*:,"1.14, Data Center B",,67,Google Data Centers PUE page
Individual facility maximum quarterly PUE:,"1.33, Data Center H",,67,Google Data Centers PUE page
Individual facility maximum TTM PUE*:,"1.21, Data Center A",,67,Google Data Centers PUE page
Fleet-wide quarterly PUE:,1.16,,68,Google Data Centers PUE page
Fleet-wide trailing twelve-month (TTM) PUE:,1.19,,68,Google Data Centers PUE page
Individual facility minimum quarterly PUE:,"1.11, Data Center E",,68,Google Data Centers PUE page
Individual facility minimum TTM PUE*:,"1.13, Data Center B",,68,Google Data Centers PUE page
Individual facility maximum quarterly PUE:,"1.21, Data Center C",,68,Google Data Centers PUE page
Individual facility maximum TTM PUE*:,"1.21, Data Center A",,68,Google Data Centers PUE page
Fleet-wide quarterly PUE:,1.23,,69,Google Data Centers PUE page
Fleet-wide trailing twelve-month (TTM) PUE:,1.21,,69,Google Data Centers PUE page
Individual facility minimum quarterly PUE:,"1.17, Data Center B",,69,Google Data Centers PUE page
Individual facility minimum TTM PUE*:,"1.15, Data Center B",,69,Google Data Centers PUE page
Individual facility maximum quarterly PUE:,"1.30, Data Center B",,69,Google Data Centers PUE page
Individual facility maximum TTM PUE*:,"1.25, Data Center A",,69,Google Data Centers PUE page
Fleet-wide quarterly PUE:,1.16,,70,Google Data Centers PUE page
Fleet-wide trailing twelve-month (TTM) PUE:,1.20,,70,Google Data Centers PUE page
Individual facility minimum quarterly PUE:,"1.13, Data Center E",,70,Google Data Centers PUE page
Individual facility minimum TTM PUE*:,"1.15, Data Center B",,70,Google Data Centers PUE page
Individual facility maximum quarterly PUE:,"1.21, Data Center A",,70,Google Data Centers PUE page
Individual facility maximum TTM PUE*:,"1.24, Data Center A",,70,Google Data Centers PUE page
